{"schemaVersion":"1.0","appDefinitionTemplate":{"id":"/providers/Microsoft.PowerApps/apps/","type":"Microsoft.PowerApps/apps","tags":{"primaryDeviceWidth":"640","primaryDeviceHeight":"1136","supportsPortrait":"true","supportsLandscape":"true","primaryFormFactor":"Phone","showStatusBar":"false","publisherVersion":"3.25034.15","minimumRequiredApiVersion":"2.2.0","hasComponent":"false","hasUnlockedComponent":"false","isUnifiedRootApp":"false","sienaVersion":"20250401T185332Z-3.25034.15.0"},"properties":{"appVersion":"2025-04-01T18:53:32Z","lifeCycleId":"Published","createdByClientVersion":{"major":3,"minor":25034,"build":15,"revision":0,"majorRevision":0,"minorRevision":0},"minClientVersion":{"major":3,"minor":25034,"build":15,"revision":0,"majorRevision":0,"minorRevision":0},"backgroundColor":"RGBA(0,176,240,1)","backgroundImageUri":"/17113662542846411056/Nc444c58a-b756-4671-987b-3d0cecb53269-logoSmallFile","displayName":"AplicativoPower_Platform","description":"","commitMessage":"","appUris":{"documentUri":{"value":"/17113662542846411056/Nf52ac424-e247-4fc2-aeb7-0fe86812ac8a-document.msapp"},"imageUris":[],"additionalUris":[{"isSolutionAware":false,"value":"/17113662542846411056/N57b1ee8b-8d44-417d-8d79-98c8b9e2d855-identity.json"}]},"createdTime":"0001-01-01T00:00:00Z","lastModifiedTime":"0001-01-01T00:00:00Z","sharedGroupsCount":0,"sharedUsersCount":0,"connectionReferences":{"2b379c0d-89dd-4f02-a029-258fc3c04eed":{"id":"cce375b2-b57f-4bcf-adcd-14a9442cd7fd","displayName":"MySQL","runtimePolicyName":"f9756645-2ee5-407d-b746-044d6caab090","executionRestrictions":{"version":1,"modifiedOn":"2025-04-01 18:53:31","appVer":"3.25034.15","apiId":"/providers/microsoft.powerapps/apis/shared_mysql","apiVer":1,"policy":"{\"type\":\"tabular\",\"dataSources\":{\"[power_platform].[tb_teste]\":[\"post\",\"patch\",\"get\"]}}"},"iconUri":"https://connectoricons-prod.azureedge.net/releases/v1.0.1718/1.0.1718.3951/mysql/icon.png","dataSources":["power_platform.tb_teste"],"dependencies":[],"dependents":[],"parameterHints":{},"parameterHintsV2":{},"gatewayObjectIdHint":"359b30aa-e618-426e-9f09-5b38548a6e85","isOnPremiseConnection":true,"sharedConnectionId":"29dd08fc-04ee-4ba0-80ed-b70ac37b1b4e","bypassConsent":false,"dataSets":{"default":{"dataSources":{"power_platform.tb_teste":{"tableName":"[power_platform].[tb_teste]"}}}},"apiTier":"Premium","isCustomApiConnection":false,"actions":["providers/PowerPlatform.Governance/Operations/Read","providers/PowerPlatform.Governance/Operations/Write"]}},"databaseReferences":{},"almMode":"Environment","performanceOptimizationEnabled":true,"canConsumeAppPass":true,"enableModernRuntimeMode":false,"executionRestrictions":{"isTeamsOnly":false,"dataLossPreventionEvaluationResult":{"status":"Compliant","lastEvaluationDate":"2025-04-01T18:46:21.0907668Z","violations":[],"violationsByPolicy":[],"violationErrorMessage":"O aplicativo usa os seguintes conectores: shared_mysql."}}},"isAppComponentLibrary":false,"appType":"ClassicCanvasApp","appComponents":[]}}